,AREA,PERIMETER,MAJOR_AXIS,MINOR_AXIS,ECCENTRICITY,EQDIASQ,SOLIDITY,CONVEX_AREA,EXTENT,ASPECT_RATIO,ROUNDNESS,COMPACTNESS,SHAPEFACTOR_1,SHAPEFACTOR_2,SHAPEFACTOR_3,SHAPEFACTOR_4,MeanRR,MeanRG,MeanRB,StdDevRR,StdDevRG,StdDevRB,SkewRR,SkewRG,SkewRB,KurtosisRR,KurtosisRG,KurtosisRB,EntropyRR,EntropyRG,EntropyRB,ALLdaub4RR,ALLdaub4RG,ALLdaub4RB,Class
0,422163,2378.908,837.8484,645.6693,0.6373,733.1539,0.9947,424428,0.7831,1.2976,0.9374,0.875,0.002,0.0015,0.7657,0.9936,117.4466,109.9085,95.6774,26.5152,23.0687,30.123,-0.5661,-0.0114,0.6019,3.237,2.9574,4.2287,-59191263232,-50714214400,-39922372608,58.7255,54.9554,47.84,BERHI
1,338136,2085.144,723.8198,595.2073,0.569,656.1464,0.9974,339014,0.7795,1.2161,0.9773,0.9065,0.0021,0.0018,0.8218,0.9993,100.0578,105.6314,95.661,27.2656,23.4952,28.1229,-0.2328,0.1349,0.4134,2.6228,2.635,3.1704,-34233065472,-37462601728,-31477794816,50.0259,52.8168,47.8315,BERHI
2,526843,2647.394,940.7379,715.3638,0.6494,819.0222,0.9962,528876,0.7657,1.315,0.9446,0.8706,0.0018,0.0014,0.758,0.9968,130.9558,118.5703,103.875,29.7036,24.6216,33.9053,-0.7152,-0.1059,0.9183,3.7516,3.8611,4.7192,-93948354560,-74738221056,-60311207936,65.4772,59.286,51.9378,BERHI
3,416063,2351.21,827.9804,645.2988,0.6266,727.8378,0.9948,418255,0.7759,1.2831,0.9458,0.8791,0.002,0.0016,0.7727,0.9915,86.7798,88.2531,82.3751,28.7288,24.4905,30.3955,0.4584,1.2917,1.8028,5.0401,8.6136,8.2618,-32074307584,-32060925952,-29575010304,43.39,44.1259,41.1882,BERHI
4,347562,2160.354,763.9877,582.8359,0.6465,665.2291,0.9908,350797,0.7569,1.3108,0.9358,0.8707,0.0022,0.0017,0.7582,0.9938,105.5484,101.8132,85.3342,30.3205,25.0291,27.1741,-0.3552,0.2101,0.8865,2.7016,2.9761,4.4146,-39980974080,-35980042240,-25593278464,52.7743,50.908,42.6666,BERHI
5,408953,2326.6931,840.1821,622.0076,0.6722,721.5921,0.9974,410036,0.7805,1.3508,0.9493,0.8589,0.0021,0.0015,0.7376,0.9964,99.398,90.6346,79.4735,28.2568,24.0417,32.7977,0.1189,0.94,1.5571,3.6309,6.0285,6.2159,-41140371456,-33146710016,-27907301376,49.7001,45.319,39.7371,BERHI
6,451414,2457.208,889.3253,652.4316,0.6796,758.1281,0.997,452755,0.7877,1.3631,0.9395,0.8525,0.002,0.0014,0.7267,0.9906,115.6213,117.0903,104.8433,33.6642,29.9951,33.8446,0.0606,0.453,0.9431,3.0703,3.4163,4.9168,-63711666176,-64060743680,-52603465728,57.806,58.5449,52.4199,BERHI
7,382636,2275.7791,808.0833,609.2819,0.6569,697.988,0.9931,385277,0.7032,1.3263,0.9284,0.8638,0.0021,0.0016,0.7461,0.9895,90.3542,96.4854,94.4357,19.5037,14.7487,20.7736,-0.3332,0.9453,0.9929,3.6756,7.0258,5.3254,-29873577984,-33570080768,-33054025728,45.1768,48.2407,47.2167,BERHI
8,546063,2714.948,916.3737,766.4536,0.5481,833.8279,0.9882,552598,0.771,1.1956,0.931,0.9099,0.0017,0.0014,0.828,0.9899,129.2436,119.8232,111.302,30.9497,25.0161,29.2699,-0.7543,-0.2394,0.3154,3.464,3.7416,4.812,-95262416896,-79321833472,-69569445888,64.6188,59.9127,55.6509,BERHI
9,420044,2391.123,836.928,645.1822,0.637,731.3116,0.9918,423531,0.7853,1.2972,0.9232,0.8738,0.002,0.0015,0.7635,0.9905,129.8143,116.5492,96.9639,32.045,27.1177,35.4221,-0.3274,0.3495,1.1912,3.3729,4.2898,5.4637,-74341122048,-58172182528,-42640556032,64.9094,58.2771,48.482,BERHI
10,364495,2216.49,790.9014,590.7698,0.6649,681.2411,0.9949,366374,0.7658,1.3388,0.9323,0.8613,0.0022,0.0016,0.7419,0.9933,105.4613,105.9778,100.6237,29.5623,23.7637,28.052,-0.0081,0.5351,0.9283,3.0514,4.3653,6.0898,-41679380480,-40727969792,-37574615040,52.7269,52.9888,50.3108,BERHI
11,404243,2345.5349,823.7634,628.8527,0.6459,717.4247,0.9921,407460,0.7808,1.3099,0.9234,0.8709,0.002,0.0016,0.7585,0.9936,105.63,96.1584,86.9584,30.4008,25.0384,33.196,-0.1935,0.7059,1.639,3.0224,4.7019,6.4561,-46608568320,-37227855872,-32751931392,52.8144,48.0792,43.4777,BERHI
12,407789,2308.4099,788.727,664.5451,0.5386,720.5644,0.9958,409514,0.7594,1.1869,0.9617,0.9136,0.0019,0.0016,0.8346,0.9906,90.3188,95.0177,90.7037,28.864,26.5093,32.6899,-0.2364,0.2399,1.0781,3.4429,4.0735,5.477,-34002647040,-37003776000,-35555409920,45.1644,47.5129,45.3586,BERHI
13,340451,2098.1631,724.4111,600.3284,0.5597,658.3887,0.9971,341437,0.7813,1.2067,0.9718,0.9089,0.0021,0.0018,0.826,0.9968,107.3958,100.5165,82.5208,29.4969,26.4651,32.049,-0.1721,0.4735,1.1704,2.4762,2.7434,4.2934,-40366313472,-34643922944,-24675141632,53.6975,50.2603,41.2631,BERHI
14,467092,2514.2429,895.3616,669.6182,0.6638,771.1809,0.9946,469638,0.8036,1.3371,0.9285,0.8613,0.0019,0.0014,0.7418,0.9919,116.698,111.3074,102.0873,27.5854,21.492,28.8131,-0.3528,0.719,1.3183,3.8104,5.5369,6.9144,-64968630272,-57233813504,-49857560576,58.3478,55.6551,51.0455,BERHI
15,386374,2265.666,826.3535,597.2911,0.6911,701.3891,0.9968,387604,0.7588,1.3835,0.9459,0.8488,0.0021,0.0015,0.7204,0.9967,99.8192,106.3491,101.617,32.2198,25.3255,29.0465,-0.1377,0.188,0.3186,2.1798,2.8977,3.0467,-40311578624,-43843469312,-40872857600,49.9096,53.1752,50.8095,BERHI
16,413069,2350.4109,821.2114,645.8047,0.6177,725.2143,0.9917,416536,0.7485,1.2716,0.9396,0.8831,0.002,0.0016,0.7799,0.9917,88.371,90.0463,90.8947,24.8495,21.8226,27.3544,-0.0759,0.5432,0.8528,3.3222,4.7191,4.9055,-31950346240,-32516476928,-34531393536,44.1851,45.0251,45.4492,BERHI
17,396792,2291.0701,790.0845,644.6891,0.5781,710.7822,0.9967,398109,0.7372,1.2255,0.9499,0.8996,0.002,0.0016,0.8093,0.9919,81.6156,84.7888,79.4964,26.3822,21.5915,24.545,0.3848,0.8481,1.5564,2.8394,4.4264,8.612,-26540476416,-27549376512,-24806567936,40.8092,42.3958,39.7497,BERHI
18,358545,2199.5081,775.7432,593.731,0.6436,675.658,0.9911,361776,0.7306,1.3066,0.9313,0.871,0.0022,0.0017,0.7586,0.9912,100.5985,97.7526,89.3394,29.3907,24.3398,31.7931,0.2079,0.8914,1.4118,3.6705,4.9932,6.3766,-37246021632,-34006181888,-30142908416,50.299,48.8788,44.6721,BERHI
19,397744,2337.2251,869.5142,583.949,0.7409,711.6343,0.9947,399862,0.7648,1.489,0.915,0.8184,0.0022,0.0015,0.6698,0.9974,105.2555,96.5672,88.748,28.2044,23.9602,27.9397,-0.22,0.687,1.5829,3.8692,4.9534,8.6139,-44905246720,-36690874368,-31894280192,52.6268,48.2847,44.3745,BERHI
20,398901,2299.335,812.7031,628.3113,0.6343,712.6686,0.9965,400295,0.762,1.2935,0.9481,0.8769,0.002,0.0016,0.769,0.9946,100.181,88.5341,72.0686,28.2873,23.5257,26.8773,-0.147,0.7243,2.1832,3.6803,5.9162,11.1715,-40761634816,-30694897664,-21165287424,50.0894,44.2666,36.0346,BERHI
21,342155,2151.896,760.6585,575.3604,0.6541,660.0343,0.9904,345474,0.7727,1.3221,0.9285,0.8677,0.0022,0.0017,0.7529,0.9954,105.6745,106.2353,75.9821,30.1014,25.4367,24.7162,-0.2484,0.2164,1.9556,2.9202,3.7653,11.1414,-39405760512,-38763913216,-19608967168,52.8384,53.1181,37.9925,BERHI
22,408220,2317.6689,769.1027,681.1285,0.4644,720.9451,0.9927,411229,0.8054,1.1292,0.955,0.9374,0.0019,0.0017,0.8787,0.9922,76.0921,76.1371,80.9364,16.8892,17.0798,22.3258,0.1847,1.7638,1.1162,6.1914,9.6388,7.4081,-21834078208,-21918494720,-25924780032,38.0457,38.0692,40.4685,BERHI
23,306560,2015.198,715.4261,547.121,0.6443,624.7594,0.9952,308043,0.7464,1.3076,0.9486,0.8733,0.0023,0.0018,0.7626,0.9972,86.9794,92.3766,89.4656,26.5432,21.4762,26.9922,-0.1527,0.3845,0.601,2.4484,2.8885,3.4913,-23275982848,-25388687360,-24747624448,43.4906,46.1906,44.7346,BERHI
24,354590,2181.739,772.2312,587.454,0.6491,671.9211,0.9954,356244,0.7594,1.3145,0.9361,0.8701,0.0022,0.0017,0.7571,0.9952,84.314,92.741,92.8555,14.5564,14.2419,21.4316,-0.5375,1.4213,0.9063,5.2871,8.4253,5.1881,-23241650176,-28505825280,-29686788096,42.155,46.37,46.4268,BERHI
25,381508,2239.7891,734.2203,666.2502,0.4202,696.9584,0.9919,384642,0.7398,1.102,0.9557,0.9492,0.0019,0.0017,0.9011,0.993,82.0154,82.358,83.0719,25.7635,22.8142,32.2169,0.8589,1.9116,2.074,6.6729,10.5392,9.3474,-25635362816,-25228310528,-28113027072,41.0071,41.1774,41.5364,BERHI
26,356022,2170.3101,756.3358,603.8934,0.6021,673.2766,0.9942,358086,0.7885,1.2524,0.9498,0.8902,0.0021,0.0017,0.7924,0.9925,97.0639,97.1161,89.7092,27.4554,18.6643,24.1319,-0.0673,0.4954,0.8883,2.4051,3.7038,5.0788,-33941866496,-32242589696,-28275976192,48.5301,48.5587,44.8548,BERHI
27,394859,2315.978,863.4825,583.743,0.7369,709.0487,0.9969,396085,0.7776,1.4792,0.9251,0.8212,0.0022,0.0015,0.6743,0.9974,104.8062,96.919,93.0346,27.1217,21.8502,25.3584,-0.389,0.2085,0.5615,2.7184,3.4655,4.7545,-43898953728,-36220506112,-34062194688,52.4019,48.4587,46.5162,BERHI
28,389859,2265.5581,804.163,619.6666,0.6374,704.5452,0.9967,391136,0.7808,1.2977,0.9545,0.8761,0.0021,0.0016,0.7676,0.9961,86.5242,80.0045,70.6489,23.2586,20.7649,26.5474,0.12,1.0571,1.9167,4.0652,6.2428,9.1344,-28546023424,-23870740480,-19827976192,43.2614,40.0039,35.3271,BERHI
29,342514,2154.021,764.3176,573.2928,0.6614,660.3805,0.9912,345541,0.7709,1.3332,0.9277,0.864,0.0022,0.0017,0.7465,0.9953,103.3877,103.3205,76.3917,29.9227,25.8496,26.6107,-0.1719,0.2455,2.053,2.9109,3.8479,11.0375,-37706264576,-36726063104,-20245121024,51.6922,51.6611,38.1958,BERHI
30,414954,2325.3181,774.8641,684.9321,0.4676,726.8671,0.9941,417404,0.8028,1.1313,0.9644,0.9381,0.0019,0.0017,0.88,0.9955,83.4485,83.1212,80.7786,27.6418,24.3162,24.1986,0.0515,0.4065,0.5553,2.1905,2.7204,3.9092,-29315438592,-28262199296,-26660716544,41.7218,41.5596,40.3891,BERHI
31,314313,2040.285,728.9534,550.9473,0.6548,632.6102,0.9943,316111,0.746,1.3231,0.9488,0.8678,0.0023,0.0018,0.7531,0.9965,87.2186,84.7825,82.1091,25.7997,23.2918,29.758,1.2025,2.1201,1.9725,8.498,12.5503,9.7957,-23896397824,-22137184256,-22064177152,43.6122,42.3951,41.0597,BERHI
32,347694,2187.4561,791.2161,563.1738,0.7024,665.3553,0.9898,351288,0.74,1.4049,0.9131,0.8409,0.0023,0.0016,0.7072,0.9935,91.4126,98.5578,94.5405,24.6937,22.4851,24.8803,-0.3446,-0.0349,0.1471,2.8234,2.8912,3.6091,-28767764480,-33144877056,-30875068416,45.7047,49.2782,47.2682,BERHI
33,423905,2363.958,836.8923,646.8287,0.6345,734.665,0.9969,425214,0.765,1.2938,0.9532,0.8778,0.002,0.0015,0.7706,0.9971,105.7638,99.7526,89.5743,29.2029,25.1823,29.4296,-0.2421,0.2699,1.0432,2.9209,3.7173,5.7463,-48629661696,-42112163840,-35035365376,52.8856,49.8795,44.7907,BERHI
34,445381,2407.5071,807.8385,705.3541,0.4875,753.045,0.9964,446993,0.7728,1.1453,0.9656,0.9322,0.0018,0.0016,0.8689,0.9952,118.0315,108.1492,95.3137,29.9831,21.1358,27.9423,-0.3449,0.5226,0.9618,3.009,5.6341,5.5422,-64191721472,-51263995904,-41135149056,59.0149,54.0759,47.6569,BERHI
35,409607,2351.354,835.5469,627.9048,0.6597,722.1688,0.9912,413253,0.8129,1.3307,0.931,0.8643,0.002,0.0015,0.747,0.9941,104.1607,102.5634,94.4863,26.7687,21.2502,27.6991,0.15,1.1114,1.362,4.976,7.731,7.8823,-44893036544,-42191290368,-37125099520,52.0794,51.2819,47.2441,BERHI
36,419554,2354.084,832.2401,643.96,0.6335,730.8849,0.996,421223,0.7783,1.2924,0.9514,0.8782,0.002,0.0015,0.7713,0.9968,81.8459,79.6398,73.8822,22.055,21.5986,28.0237,1.0937,2.2148,2.3863,11.0258,14.3096,12.1473,-27190106112,-25653710848,-23670239232,40.9196,39.8173,36.9392,BERHI
37,426810,2389.9141,836.486,655.8799,0.6206,737.178,0.9939,429451,0.7446,1.2754,0.939,0.8813,0.002,0.0015,0.7767,0.9905,102.8502,93.5002,75.3912,29.3144,22.6292,26.3304,-0.214,0.6156,1.9011,3.0284,5.0996,9.1839,-46304841728,-36515041280,-24513165312,51.4239,46.7486,37.6928,BERHI
38,443805,2390.481,797.2593,710.5616,0.4535,751.7114,0.9973,445009,0.8015,1.122,0.976,0.9429,0.0018,0.0016,0.889,0.9975,109.0969,105.3337,91.6631,26.6087,21.6688,28.9774,-0.3935,0.639,0.8487,4.2331,5.1258,5.4537,-53427851264,-48442896384,-38222077952,54.5464,52.6669,45.8327,BERHI
39,402279,2295.863,798.9365,643.2753,0.5931,715.6797,0.9936,404887,0.7867,1.242,0.9591,0.8958,0.002,0.0016,0.8024,0.9966,87.5402,91.2294,92.5991,25.6694,19.9095,27.9792,0.4908,2.1545,1.9477,5.5889,12.5304,9.9496,-30746945536,-32178810880,-35126345728,43.7705,45.6162,46.301,BERHI
40,426661,2412.625,845.353,645.3922,0.6459,737.0493,0.9891,431346,0.783,1.3098,0.9211,0.8719,0.002,0.0015,0.7602,0.9957,106.7112,106.5358,102.9901,27.6101,17.5812,25.2811,-0.5655,0.7544,0.6838,3.3343,6.1684,5.1464,-49347264512,-46849757184,-45315260416,53.3538,53.2682,51.4952,BERHI
41,439197,2437.428,829.2604,677.1343,0.5773,747.7988,0.9893,443940,0.7607,1.2247,0.929,0.9018,0.0019,0.0015,0.8132,0.9959,115.9496,112.008,101.2594,27.022,20.3893,24.0848,-0.5571,0.393,0.7029,3.62,4.0908,6.1312,-60103352320,-54276861952,-44722860032,57.9733,56.0022,50.6284,BERHI
42,442845,2422.366,836.9063,677.0573,0.5878,750.8979,0.9941,445459,0.7601,1.2361,0.9484,0.8972,0.0019,0.0015,0.805,0.9951,101.4155,101.7015,90.9381,31.6708,27.382,30.599,-0.0159,0.5115,1.0843,3.0302,3.8602,6.1086,-47491162112,-46423900160,-38083399680,50.7077,50.8507,45.4709,BERHI
43,424225,2391.501,838.0681,650.075,0.6311,734.9422,0.9946,426523,0.7414,1.2892,0.9321,0.8769,0.002,0.0015,0.769,0.9914,94.2675,86.4156,68.1772,28.523,24.452,29.6457,-0.0074,0.9515,2.1508,4.054,6.8878,9.7948,-38428114944,-31304110080,-21079427072,47.1329,43.21,34.0892,BERHI
44,416064,2359.616,818.8146,650.6287,0.6071,727.8387,0.9924,419269,0.7872,1.2585,0.939,0.8889,0.002,0.0016,0.7901,0.9944,84.9829,87.862,79.6564,28.4208,25.4885,28.6012,0.2662,0.8768,1.9742,4.4209,6.3082,9.9591,-30689249280,-32009418752,-27229378560,42.4922,43.9337,39.829,BERHI
45,453074,2464.8979,855.7032,681.0208,0.6055,759.5208,0.9948,455449,0.7757,1.2565,0.9371,0.8876,0.0019,0.0015,0.7878,0.9899,105.4471,97.967,91.6094,25.6708,21.4894,29.0892,-0.3463,0.3953,0.8042,3.2829,3.7184,4.4421,-50583461888,-42424696832,-39009394688,52.724,48.985,45.8063,BERHI
46,409032,2313.9509,804.1159,650.1132,0.5885,721.6618,0.9947,411212,0.7422,1.2369,0.96,0.8975,0.002,0.0016,0.8054,0.9962,78.7944,84.1383,91.0917,23.895,20.773,27.4148,0.2039,0.9941,0.6975,3.7212,6.0546,4.7024,-24917446656,-27784316928,-34348648448,39.3979,42.0703,45.5477,BERHI
47,429203,2362.936,831.4949,658.4715,0.6106,739.2416,0.9971,430464,0.7487,1.2628,0.966,0.8891,0.0019,0.0015,0.7904,0.9981,80.8682,81.3765,85.5402,20.9225,20.6097,27.9409,-0.7113,0.3724,0.6058,3.892,4.6949,4.1859,-26841032704,-27160780800,-31955101696,40.4367,40.6902,42.7718,BERHI
48,453763,2476.709,851.0314,684.578,0.5941,760.098,0.9909,457931,0.8015,1.2431,0.9296,0.8931,0.0019,0.0015,0.7977,0.9917,107.0736,102.9107,101.3278,30.3693,26.271,32.9843,-0.0157,0.5483,1.0759,3.5008,4.5735,5.445,-53771833344,-48395264000,-49153339392,53.536,51.4566,50.6654,BERHI
49,353766,2150.718,720.5316,629.297,0.487,671.14,0.9936,356027,0.8001,1.145,0.9611,0.9315,0.002,0.0018,0.8676,0.9934,98.2516,105.611,102.9056,25.6613,18.3511,25.3977,-0.3165,0.9653,0.9382,3.7131,6.9901,6.0485,-34145540096,-38250450944,-37541912576,49.1242,52.8068,51.4525,BERHI
50,288730,1997.627,740.3677,497.8095,0.7402,606.3188,0.9891,291913,0.762,1.4873,0.9092,0.8189,0.0026,0.0017,0.6707,0.9975,92.7921,93.8139,91.3814,27.2088,24.8541,32.1713,-0.1788,0.6322,0.867,3.3175,4.3363,4.4081,-25085745152,-25247483904,-25406605312,46.3976,46.9079,45.6924,BERHI
51,411542,2339.4231,814.2525,646.2658,0.6083,723.8726,0.9925,414646,0.7644,1.2599,0.9449,0.889,0.002,0.0016,0.7903,0.9958,85.0548,82.7919,71.6549,23.9362,19.2038,23.9877,-0.3703,1.4116,2.196,3.3415,8.4816,10.8127,-29232642048,-26736420864,-20871084032,42.5262,41.3973,35.8293,BERHI
52,383504,2288.917,784.1191,626.8956,0.6007,698.7792,0.9907,387106,0.7753,1.2508,0.9199,0.8912,0.002,0.0016,0.7942,0.9934,79.753,82.0603,78.3742,22.469,21.4977,29.5617,0.7062,1.6066,1.4604,4.8731,7.3418,5.8937,-23654332416,-24897929216,-24566759424,39.8759,41.0298,39.1862,BERHI
53,430176,2396.55,865.903,637.2376,0.6771,740.0791,0.9974,431277,0.7671,1.3588,0.9412,0.8547,0.002,0.0015,0.7305,0.9926,101.5693,96.8451,87.0888,29.0784,21.2616,27.9579,0.0639,1.6017,1.9217,3.6764,8.8878,9.4488,-45451513856,-39298019328,-33261930496,50.7833,48.4226,43.5443,BERHI
54,438436,2417.197,860.3224,652.1378,0.6522,747.1506,0.997,439735,0.7464,1.3192,0.943,0.8685,0.002,0.0015,0.7542,0.995,111.5693,105.2123,91.8468,28.219,26.5826,26.5364,-0.6699,-0.0898,0.6969,3.1126,2.7094,4.8682,-55746183168,-48994922496,-37177774080,55.7858,52.6067,45.9245,BERHI
55,497802,2561.291,907.5524,701.4491,0.6345,796.1289,0.9957,499948,0.751,1.2938,0.9536,0.8772,0.0018,0.0014,0.7695,0.9956,103.2903,93.5957,89.8023,27.7841,22.2596,29.6129,-0.2143,1.0996,1.42,4.0088,7.7586,7.2485,-53943554048,-42596114432,-41443893248,51.6458,46.7982,44.9025,BERHI
56,454917,2485.562,869.7584,672.0792,0.6347,761.064,0.9927,458273,0.7387,1.2941,0.9253,0.875,0.0019,0.0015,0.7657,0.9909,110.813,107.6579,100.7983,27.9017,20.7423,25.8809,-0.3972,0.2725,0.6269,2.8257,3.3967,4.289,-56959090688,-51762262016,-46391058432,55.4055,53.8287,50.3994,BERHI
57,392588,2274.2759,803.3082,625.8399,0.6269,707.0068,0.9973,393637,0.7623,1.2836,0.9538,0.8801,0.002,0.0016,0.7746,0.9943,94.8638,99.2536,97.3874,26.7869,20.4685,23.7467,0.1458,0.6951,0.8957,2.9783,4.9829,6.3596,-35574280192,-37579722752,-36809195520,47.4294,49.6277,48.6937,BERHI
58,384232,2263.4819,787.2324,624.8104,0.6083,699.4422,0.9914,387562,0.7505,1.26,0.9424,0.8885,0.002,0.0016,0.7894,0.9946,107.1655,103.8044,88.3855,27.7544,19.7288,23.4434,-0.4054,0.6507,1.726,3.3659,6.1402,9.3571,-44874883072,-40287244288,-29479108608,53.5858,51.9051,44.1969,BERHI
59,294273,2004.96,735.2715,510.9962,0.719,612.1111,0.9922,296579,0.7693,1.4389,0.9199,0.8325,0.0025,0.0017,0.6931,0.9972,88.9474,86.7787,78.4034,27.4622,25.0674,29.7409,0.0067,0.5926,1.0261,2.9314,3.9662,4.7676,-23546138624,-22000007168,-18878205952,44.4758,43.391,39.2043,BERHI
60,445290,2435.3889,857.8929,663.8074,0.6335,752.968,0.994,448000,0.7515,1.2924,0.9434,0.8777,0.0019,0.0015,0.7703,0.9956,89.7273,84.0387,75.777,25.6111,21.9763,30.3831,0.2158,1.5521,1.7662,4.8948,10.0825,8.1471,-35740303360,-30464757760,-27059025920,44.8647,42.0194,37.8889,BERHI
61,375936,2255.8411,817.8654,589.0416,0.6937,691.8501,0.9945,378008,0.7365,1.3885,0.9283,0.8459,0.0022,0.0016,0.7156,0.9936,73.5368,77.7196,73.0607,22.2582,18.686,23.5372,0.7466,2.1273,2.221,5.8351,13.1056,12.0114,-19649556480,-21339979776,-19707056128,36.7722,38.862,36.5344,BERHI
62,439650,2447.7371,890.0155,635.1306,0.7005,748.1843,0.9926,442920,0.7633,1.4013,0.9221,0.8406,0.002,0.0014,0.7067,0.9903,100.506,99.6946,95.2381,30.7895,23.8822,29.3646,0.5674,1.5439,1.6777,4.0996,8.0819,8.677,-46067900416,-43327778816,-41025200128,50.2533,49.8476,47.6192,BERHI
63,433338,2423.301,836.3414,664.9469,0.6065,742.7941,0.9932,436301,0.756,1.2578,0.9273,0.8881,0.0019,0.0015,0.7888,0.9921,105.1259,99.3634,89.1057,27.4703,24.5953,27.5458,-0.3249,0.4979,1.0723,3.6208,4.0745,6.1444,-48579203072,-42560143360,-34883911680,52.561,49.6808,44.5522,BERHI
64,500669,2580.3069,913.3773,702.0745,0.6397,798.4182,0.9948,503290,0.7571,1.301,0.945,0.8741,0.0018,0.0014,0.7641,0.9941,92.6164,83.3659,80.8303,23.6541,21.1765,30.9812,0.0466,1.2064,1.2724,4.0502,6.2261,5.9918,-42263990272,-33475536896,-34506137600,46.3075,41.6845,40.4161,BERHI
65,230122,1804.354,649.0608,454.532,0.7139,541.2952,0.9883,232846,0.8192,1.428,0.8882,0.834,0.0028,0.002,0.6955,0.9932,132.2255,126.4681,124.9734,30.3215,23.5319,23.9989,-1.1363,-0.7205,-0.7576,3.8148,2.9127,3.3667,-41959481344,-37230223360,-36367020032,66.1163,63.2356,62.4892,DEGLET
66,231946,1800.8101,678.9835,436.4881,0.766,543.4361,0.9922,233763,0.7924,1.5556,0.8988,0.8004,0.0029,0.0019,0.6406,0.9965,104.8716,102.1755,111.7534,24.2007,20.5286,21.8023,-0.6461,0.0917,-0.3061,3.1537,3.5782,3.2341,-25391267840,-23603490816,-28687542272,52.4342,51.0893,55.8778,DEGLET
67,218006,1754.282,671.6726,414.585,0.7868,526.8528,0.993,219532,0.8089,1.6201,0.8902,0.7844,0.0031,0.0019,0.6153,0.9968,108.7587,99.0594,102.7426,33.4516,26.0414,17.7392,0.047,0.1642,0.2835,2.0128,2.3344,4.0136,-27197134848,-21465534464,-22162524160,54.3825,49.5349,51.3752,DEGLET
68,272074,2031.781,778.5798,446.9384,0.8188,588.5706,0.9823,276985,0.8072,1.742,0.8282,0.756,0.0029,0.0016,0.5715,0.9955,128.3337,125.9642,108.5967,31.1858,31.4921,31.0783,-0.7508,-0.5063,-0.3787,3.0403,2.5393,2.5903,-46827319296,-45142360064,-33304205312,64.1701,62.9819,54.298,DEGLET
69,222790,1766.324,651.6551,436.6493,0.7423,532.6021,0.9932,224312,0.7893,1.4924,0.8974,0.8173,0.0029,0.002,0.668,0.9969,121.6701,116.8578,110.7202,37.2069,34.0592,29.5728,-0.6398,-0.569,-0.517,2.2621,2.1012,2.3364,-35503251456,-32167600128,-28105680896,60.8351,58.4294,55.3596,DEGLET
70,332286,2287.0071,875.3194,485.2886,0.8322,650.4457,0.9807,338814,0.7192,1.8037,0.7983,0.7431,0.0026,0.0015,0.5522,0.996,120.0967,110.2773,110.3306,31.083,32.3166,26.7386,-0.1188,0.285,0.1151,2.4661,2.2097,2.6593,-49918324736,-42323034112,-40995770368,60.0484,55.1403,55.1677,DEGLET
71,265701,1968.802,746.8929,454.7724,0.7933,581.6365,0.992,267851,0.7619,1.6423,0.8614,0.7787,0.0028,0.0017,0.6064,0.996,125.6485,117.7338,110.843,33.6703,31.8466,25.5885,-0.3492,-0.1841,0.1484,2.2009,2.3465,2.531,-44338049024,-38484541440,-32898990080,62.8217,58.8671,55.4206,DEGLET
72,213610,1742.515,644.6515,422.7329,0.755,521.5139,0.9896,215860,0.7795,1.525,0.8841,0.809,0.003,0.002,0.6545,0.998,118.8714,112.0974,107.2945,37.6554,37.7021,28.4572,0.0064,0.2666,-0.262,2.0896,1.9188,2.5203,-32635742208,-29119576064,-25118382080,59.4349,56.0506,53.6501,DEGLET
73,267823,1988.671,781.2097,441.0466,0.8254,583.9545,0.9915,270119,0.8212,1.7713,0.851,0.7475,0.0029,0.0016,0.5588,0.9897,122.736,111.2873,119.6024,29.516,20.6989,20.5735,-0.5255,-0.0949,-0.4587,2.9397,3.2605,3.9097,-41729191936,-32681768960,-38074142720,61.3638,55.6438,59.7987,DEGLET
74,235942,1893.777,744.0038,404.7032,0.8391,548.0974,0.9831,239996,0.7383,1.8384,0.8267,0.7367,0.0032,0.0017,0.5427,0.9977,115.7687,111.2267,104.8903,30.8715,28.5026,24.5829,-0.3471,-0.1928,-0.2256,2.5077,2.215,2.5069,-32840615936,-29875372032,-25902360576,57.8901,55.6183,52.4509,DEGLET
75,261890,2027.2321,697.621,482.5237,0.7222,577.4502,0.9751,268565,0.6875,1.4458,0.8008,0.8277,0.0027,0.0018,0.6852,0.9906,130.7202,126.0636,113.2904,37.1222,33.0479,29.1683,-0.3579,-0.0193,-0.2971,2.4955,2.3934,2.7137,-48176062464,-43876425728,-34554867712,65.356,63.0313,56.6447,DEGLET
76,285100,2053.1699,791.5107,463.6347,0.8105,602.4953,0.9897,288053,0.8314,1.7072,0.8499,0.7612,0.0028,0.0016,0.5794,0.9892,120.8366,104.4141,117.427,28.9185,23.8252,22.7962,-0.2599,0.246,-0.2731,2.5787,2.882,2.963,-42902253568,-30888830976,-39320027136,60.4224,52.2141,58.72,DEGLET
77,326556,2313.791,856.9423,487.3175,0.8226,644.8132,0.9792,333503,0.7402,1.7585,0.7665,0.7525,0.0026,0.0015,0.5662,0.9956,128.1456,119.2813,110.4533,33.9892,34.8911,30.1728,-0.277,0.0137,0.2855,2.3932,2.0011,2.4371,-56812896256,-49415905280,-41182121984,64.0726,59.6426,55.2274,DEGLET
78,225074,1813.77,695.2525,413.8533,0.8035,535.3253,0.9921,226857,0.6485,1.6799,0.8597,0.77,0.0031,0.0018,0.5929,0.996,133.2137,131.1914,123.1026,39.3223,36.7316,30.5074,-0.4867,-0.415,-0.1159,2.1231,2.0942,2.3676,-43480784896,-41622204416,-35467997184,66.6039,65.5917,61.5481,DEGLET
79,217486,1759.136,628.9557,442.0542,0.7113,526.2241,0.9899,219701,0.7659,1.4228,0.8832,0.8367,0.0029,0.002,0.7,0.996,128.3266,120.4128,110.2402,42.3855,44.9955,31.7554,-0.2009,-0.1454,-0.1783,1.7082,1.6272,2.2624,-39708590080,-35721072640,-27564607488,64.1599,60.2045,55.1166,DEGLET
80,277321,2136.825,687.59,517.3867,0.6586,594.2189,0.976,284128,0.7801,1.329,0.7632,0.8642,0.0025,0.0019,0.7469,0.9925,119.6558,110.7807,108.2498,37.7822,38.1279,31.9226,0.0776,0.3716,-0.0522,2.1739,2.0325,2.2231,-42962149376,-37067022336,-33927698432,59.8241,55.3886,54.1229,DEGLET
81,270195,2019.839,773.6254,446.5426,0.8166,586.5347,0.9838,274651,0.806,1.7325,0.8322,0.7582,0.0029,0.0017,0.5748,0.9958,126.932,121.2073,107.2874,31.2941,29.9054,29.7242,-0.749,-0.4518,-0.3009,3.0056,2.6238,2.6948,-45486370816,-41105539072,-32008726528,63.4597,60.6019,53.6402,DEGLET
82,218442,1739.191,643.4506,434.7849,0.7372,527.3793,0.9927,220046,0.8075,1.4799,0.9075,0.8196,0.0029,0.002,0.6718,0.9942,128.1654,119.8585,118.3075,32.0673,28.5678,26.2454,-0.5665,-0.0865,-0.1232,2.9237,2.4584,2.7929,-37653753856,-32274780160,-31069640704,64.0819,59.9315,59.1563,DEGLET
83,271398,1965.458,750.8526,461.674,0.7886,587.839,0.9942,272988,0.7383,1.6264,0.8829,0.7829,0.0028,0.0017,0.6129,0.9968,148.2023,146.3578,137.9331,30.3088,26.0294,25.1754,-0.9647,-0.7015,-0.7203,3.4219,3.1322,3.5643,-62793175040,-60339191808,-53070114816,74.1006,73.1787,68.9656,DEGLET
84,253276,1961.04,740.2677,437.3487,0.8068,567.8741,0.9822,257864,0.7493,1.6926,0.8276,0.7671,0.0029,0.0017,0.5885,0.9961,128.9011,122.8898,116.7883,38.2442,36.7809,30.8667,-0.2763,-0.1524,-0.1425,2.092,1.9879,2.1549,-45574098944,-41109114880,-35898662912,64.4454,61.4443,58.3921,DEGLET
85,215340,1741.5811,656.6985,418.8187,0.7702,523.6215,0.9936,216718,0.7427,1.568,0.8922,0.7974,0.003,0.0019,0.6358,0.9969,111.3767,106.4466,105.8537,28.4506,28.4351,23.5702,-0.3515,-0.0035,-0.3479,2.7718,2.2923,3.4696,-27327836160,-24920774656,-23962402816,55.6862,53.2255,52.9274,DEGLET
86,248661,1888.577,679.4809,468.2696,0.7246,562.6766,0.9825,253084,0.7685,1.451,0.8761,0.8281,0.0027,0.0019,0.6857,0.995,106.7872,102.0841,115.7485,27.5297,22.992,26.1811,-0.53,-0.0614,-0.442,2.5972,2.9335,2.7133,-28791433216,-25580019712,-33773629440,53.3992,51.0464,57.8793,DEGLET
87,161461,1519.229,583.6688,352.6311,0.7969,453.4077,0.994,162441,0.6822,1.6552,0.8791,0.7768,0.0036,0.0022,0.6035,0.9988,123.015,114.07,117.5514,31.6177,28.0442,29.8898,-0.9984,-0.5174,-0.9741,3.3982,2.7715,3.2434,-25518503936,-21472477184,-23048691712,61.5041,57.0356,58.7763,DEGLET
88,270495,1909.204,680.4979,506.7375,0.6674,586.8602,0.993,272412,0.7761,1.3429,0.9325,0.8624,0.0025,0.0019,0.7437,0.9988,102.5699,91.1522,91.8557,37.1153,34.503,25.1498,0.3899,0.8048,0.349,2.543,2.9684,2.9549,-30938501120,-24201478144,-22697836544,51.2833,45.5764,45.9268,DEGLET
89,192966,1718.127,656.2819,433.3523,0.751,495.6732,0.909,212294,0.7112,1.5144,0.8214,0.7553,0.0034,0.0022,0.5704,0.8639,140.5046,144.2007,126.1972,37.6588,34.5565,32.3883,-0.6828,-0.6079,-0.5897,2.723,2.7958,2.5746,-41159794688,-42846302208,-32273027072,70.2563,72.1056,63.1031,DEGLET
90,254070,1919.738,730.9252,445.2328,0.7931,568.7635,0.9926,255975,0.6931,1.6417,0.8663,0.7781,0.0029,0.0018,0.6055,0.994,135.9247,123.0017,123.6408,28.1258,17.5106,20.5985,-1.0129,-0.5711,-0.386,3.9627,3.8814,3.0252,-48657485824,-37974151168,-38776930304,67.9668,61.5027,61.8236,DEGLET
91,206921,1741.754,675.7445,392.1072,0.8144,513.2836,0.9924,208515,0.6815,1.7234,0.8571,0.7596,0.0033,0.0019,0.577,0.9943,137.9613,131.2119,120.7815,36.5473,31.1905,23.7996,-0.8241,-0.5959,-0.3047,2.9013,2.5624,2.7099,-42309525504,-37289373696,-30410612736,68.9824,65.6111,60.3956,DEGLET
92,180508,1600.713,607.4841,379.2685,0.7812,479.4058,0.9938,181643,0.7906,1.6017,0.8853,0.7892,0.0034,0.0021,0.6228,0.9975,133.5625,126.4289,120.8297,36.2546,33.9226,32.3695,-0.7129,-0.5277,-0.451,2.6209,2.3057,2.1964,-34515537920,-30535002112,-27629987840,66.7811,63.2147,60.4132,DEGLET
93,296944,2109.8491,796.0836,475.9379,0.8016,614.8828,0.9871,300810,0.7727,1.6727,0.8383,0.7724,0.0027,0.0016,0.5966,0.9979,130.0522,116.2072,118.6973,32.6442,28.7825,28.4512,-0.278,0.1989,-0.3441,2.6659,2.5351,2.9826,-52902526976,-41217187840,-42963533824,65.0261,58.1039,59.3501,DEGLET
94,163130,1535.853,603.0044,345.0351,0.8201,455.7451,0.9946,164013,0.7443,1.7477,0.869,0.7558,0.0037,0.0021,0.5712,0.9983,143.3447,140.078,131.607,37.5416,34.4112,33.7438,-0.9669,-0.8138,-0.7316,3.0404,2.7231,2.6219,-36209770496,-34095622144,-29915756544,71.674,70.0387,65.8039,DEGLET
95,232841,1773.947,622.0897,477.5462,0.6409,544.4836,0.9935,234357,0.7671,1.3027,0.9298,0.8752,0.0027,0.0021,0.7661,0.9979,135.2503,130.3835,127.9191,36.9885,31.8359,33.9523,-1.0349,-0.8655,-0.8101,3.4213,3.0476,2.7413,-45804568576,-41521836032,-40328445952,67.6236,65.1925,63.9606,DEGLET
96,247112,1885.546,694.2448,455.8577,0.7542,560.9214,0.9899,249644,0.8016,1.5229,0.8734,0.808,0.0028,0.0018,0.6528,0.9942,117.5797,101.5464,102.1078,37.8921,36.0368,27.3096,0.1312,0.6394,0.1991,2.5917,2.6959,3.0646,-37011718144,-27508269056,-26094850048,58.7862,50.7707,51.0516,DEGLET
97,246014,1883.0909,703.1213,448.6442,0.77,559.6738,0.9893,248668,0.7861,1.5672,0.8718,0.796,0.0029,0.0018,0.6336,0.993,114.739,95.8486,110.9815,40.5753,36.7295,31.6919,0.2692,0.5336,-0.2604,2.3775,2.3673,2.6215,-35782496256,-24676982784,-31586891776,57.371,47.927,55.492,DEGLET
98,245029,1868.936,686.7975,455.5268,0.7484,558.5522,0.9857,248578,0.7605,1.5077,0.8815,0.8133,0.0028,0.0019,0.6614,0.9972,118.5224,112.7491,113.3811,38.7819,41.3421,34.6836,0.051,0.242,-0.1288,2.1451,1.9119,1.9723,-37486510080,-34657673216,-33458407424,59.2578,56.3728,56.6879,DEGLET
99,210311,1798.92,671.3657,443.1094,0.7513,517.4711,0.919,228850,0.6955,1.5151,0.8167,0.7708,0.0032,0.0021,0.5941,0.9001,136.7159,125.7845,119.656,42.4876,39.4631,35.9058,-0.5329,-0.282,-0.4927,2.3433,2.0499,2.1779,-43477700608,-36291342336,-32185325568,68.3546,62.8905,59.8267,DEGLET
100,154570,1469.786,535.559,368.1646,0.7262,443.6267,0.9913,155926,0.7262,1.4547,0.8991,0.8283,0.0035,0.0024,0.6862,0.9981,127.487,130.1564,129.6758,37.8613,35.8514,36.2096,-0.6703,-0.6783,-0.6766,2.4375,2.3249,2.5656,-27131885568,-27996452864,-27836606464,63.7392,65.0736,64.8347,DEGLET
101,260999,1924.509,670.0057,499.8724,0.6659,576.467,0.9813,265960,0.7962,1.3404,0.8855,0.8604,0.0026,0.0019,0.7403,0.9922,96.0935,78.9226,86.5607,28.8245,26.6896,22.673,0.1093,1.235,0.3894,2.8856,4.316,3.9635,-24630673408,-16425602048,-19050479616,48.0471,39.4609,43.2795,DEGLET
102,212744,1720.303,628.2148,432.3847,0.7254,520.4556,0.9918,214501,0.7818,1.4529,0.9034,0.8285,0.003,0.002,0.6864,0.9972,110.8176,109.6777,105.2265,37.4939,37.8608,30.306,-0.1291,-0.3708,-0.2504,1.9579,2.138,2.4907,-28291532800,-27781709824,-24325011456,55.4153,54.8434,52.6176,DEGLET
103,261085,1933.101,729.5468,458.4311,0.7779,576.562,0.9909,263485,0.7887,1.5914,0.878,0.7903,0.0028,0.0018,0.6246,0.994,148.7853,146.4621,135.269,30.4926,22.2659,21.0393,-0.9532,-0.231,-0.2944,3.704,2.4169,2.4991,-60942561280,-57532338176,-48362651648,74.3909,73.2306,67.6339,DEGLET
104,219065,1769.278,677.1313,414.3256,0.7909,528.1309,0.9937,220445,0.8082,1.6343,0.8794,0.78,0.0031,0.0019,0.6083,0.9942,133.6267,133.1134,125.6804,35.7477,30.4154,25.7112,-0.8619,-0.5562,-0.1746,3.067,2.9376,2.7661,-41819258880,-40538902528,-35279843328,66.8136,66.5593,62.8431,DEGLET
105,179780,1605.504,588.5084,390.5041,0.7481,478.4381,0.989,181785,0.8072,1.507,0.8765,0.813,0.0033,0.0022,0.6609,0.996,120.1332,111.0036,103.2492,31.9253,28.3657,26.0032,-0.4392,-0.0602,0.0904,2.5444,2.3567,2.7728,-27132274688,-22657073152,-19264600064,60.0758,55.5088,51.633,DEGLET
106,169573,1548.983,594.8965,364.4516,0.7904,464.658,0.9932,170738,0.8245,1.6323,0.8881,0.7811,0.0035,0.0021,0.6101,0.9958,139.1674,134.8492,123.4979,39.941,37.6941,31.7931,-0.816,-0.6504,-0.6257,2.4879,2.1186,2.4125,-35847098368,-33293408256,-27052677120,69.5829,67.4267,61.7498,DEGLET
107,236515,1795.649,604.2608,502.4642,0.5555,548.7625,0.9923,238359,0.8096,1.2026,0.9218,0.9082,0.0026,0.0021,0.8247,0.9918,122.9294,111.8094,117.7575,32.1344,29.2939,31.5135,-0.4363,-0.0467,-0.0668,2.5883,2.4984,2.4214,-37450448896,-30408593408,-34214080512,61.4645,55.9092,58.8819,DEGLET
108,248928,1888.111,719.0459,443.0684,0.7876,562.9786,0.9906,251287,0.7908,1.6229,0.8775,0.783,0.0029,0.0018,0.613,0.9948,109.2852,94.3835,111.0067,34.5058,29.3068,27.0055,-0.0535,0.5505,-0.3706,2.6308,2.7116,2.8246,-31564376064,-22769612800,-31131815936,54.6423,47.1938,55.5064,DEGLET
109,233279,1812.4,649.0758,459.3955,0.7064,544.9955,0.9865,236470,0.7785,1.4129,0.8924,0.8396,0.0028,0.002,0.705,0.9961,113.9909,105.3298,107.9339,36.4504,38.6125,29.392,-0.1454,0.2381,-0.1816,2.2934,1.9759,2.4983,-32555407360,-28394031104,-27923378176,56.9895,52.6629,53.9634,DEGLET
110,226401,1787.076,679.6693,425.3827,0.7799,536.901,0.9934,227903,0.7878,1.5978,0.8908,0.7899,0.003,0.0019,0.624,0.997,125.6498,108.6357,108.9998,36.336,32.3742,28.6992,-0.3623,0.1163,-0.2136,2.4403,2.2238,2.435,-38306926592,-27985954816,-27535411200,62.8198,54.3179,54.497,DEGLET
111,246558,1865.2419,664.2224,475.3474,0.6985,560.2922,0.9865,249939,0.7367,1.3973,0.8906,0.8435,0.0027,0.0019,0.7115,0.9943,136.5562,131.0401,125.8078,37.7801,34.99,30.7168,-0.4969,-0.0506,-0.2251,2.5611,1.766,1.9373,-49681387520,-45122826240,-40668385280,68.2776,65.5212,62.9048,DEGLET
112,318444,2127.3269,805.9418,504.5724,0.7798,636.7538,0.9938,320434,0.7874,1.5973,0.8842,0.7901,0.0025,0.0016,0.6242,0.997,123.4286,113.0875,118.9254,33.8065,33.8134,25.8882,-0.1618,-0.0153,-0.9316,2.1822,1.6896,3.7494,-51299794944,-43035037696,-45686091776,61.7176,56.5442,59.4638,DEGLET
113,248660,1877.7,696.1558,456.765,0.7547,562.6755,0.9922,250624,0.7863,1.5241,0.8863,0.8083,0.0028,0.0018,0.6533,0.9957,141.6611,142.3818,128.6064,33.4362,33.1596,29.8043,-0.7849,-0.7132,-0.6829,2.8531,2.5792,2.5921,-52980715520,-53485248512,-42727874560,70.8272,71.1944,64.3041,DEGLET
114,300532,2084.9929,782.9263,492.0452,0.7778,618.5865,0.9832,305681,0.7703,1.5912,0.8687,0.7901,0.0026,0.0016,0.6243,0.9933,127.8597,108.6323,100.6614,28.8416,23.2769,21.1306,-0.9806,-0.2954,0.0506,3.6664,3.0674,3.5316,-50794856448,-35256672256,-29725554688,63.9317,54.3181,50.3328,DEGLET
115,239253,1839.9301,670.9352,455.55,0.7342,551.9297,0.9887,241982,0.7912,1.4728,0.8881,0.8226,0.0028,0.0019,0.6767,0.9967,123.3848,117.6199,114.9063,29.8257,23.692,24.8281,-1.0003,-0.6473,-0.5504,3.3784,2.8802,2.8941,-37722738688,-33228630016,-31799359488,61.6912,58.8128,57.4561,DEGLET
116,190722,1769.671,664.2511,418.4305,0.7767,492.7827,0.8928,213622,0.6364,1.5875,0.7653,0.7419,0.0035,0.0022,0.5504,0.8737,139.2924,137.9297,123.0754,39.4841,37.0236,31.2864,-0.5827,-0.3706,-0.4803,2.3342,1.9726,2.5195,-40318013440,-39088558080,-30143860736,69.6395,68.9651,61.5369,DEGLET
117,197484,1709.35,648.6502,391.0428,0.7978,501.4424,0.989,199672,0.7807,1.6588,0.8493,0.7731,0.0033,0.002,0.5976,0.9913,135.2943,124.0971,121.8252,32.2357,27.1906,23.7059,-0.9103,-0.3897,-0.466,3.3831,2.7717,3.4633,-38071001088,-31158208512,-29541638144,67.6511,62.0538,60.9175,DEGLET
118,242874,1843.916,647.9982,479.8817,0.672,556.0906,0.9906,245181,0.7818,1.3503,0.8977,0.8582,0.0027,0.002,0.7365,0.9945,133.0381,125.3597,113.8121,38.7604,35.6419,28.3122,-0.6166,-0.4509,-0.3694,2.4534,2.2759,2.5079,-46650236928,-40748339200,-32199612416,66.5225,62.6833,56.9092,DEGLET
119,338670,2195.106,792.2873,546.0946,0.7245,656.6643,0.9893,342339,0.7525,1.4508,0.8832,0.8288,0.0023,0.0016,0.6869,0.9966,97.3855,86.1272,105.7102,37.6634,33.6702,29.3294,0.5578,0.5537,-0.2319,2.3073,2.3239,2.4766,-35296911360,-26996934656,-38844313600,48.6958,43.0669,52.8579,DEGLET
120,205893,1693.483,615.3438,428.3036,0.718,512.007,0.9902,207928,0.7873,1.4367,0.9022,0.8321,0.003,0.0021,0.6923,0.9947,103.0847,102.4994,98.4797,30.3633,27.8581,27.2009,-0.1033,0.268,0.3068,2.3559,2.471,2.5771,-22602600448,-21991180288,-20189534208,51.536,51.25,49.2367,DEGLET
121,246430,1910.897,732.1472,431.656,0.8077,560.1468,0.9843,250368,0.7295,1.6961,0.8481,0.7651,0.003,0.0018,0.5853,0.9928,94.8991,84.2895,94.5223,31.8051,29.5955,29.9283,-0.0225,0.4803,0.2869,2.6366,2.7196,2.3129,-23210934272,-18102403072,-22705868800,47.4534,42.1443,47.2618,DEGLET
122,189127,1660.097,621.9744,389.451,0.7797,490.7178,0.9843,192139,0.7777,1.5971,0.8624,0.789,0.0033,0.0021,0.6225,0.9941,111.0473,106.4634,104.8819,31.4149,27.4387,24.5747,-0.5273,-0.173,-0.1635,2.669,2.577,3.0346,-24260653056,-21760227328,-20759107584,55.5134,53.2293,52.4366,DEGLET
123,254321,1869.425,665.5273,489.1867,0.678,569.0444,0.9899,256906,0.7859,1.3605,0.9145,0.855,0.0026,0.0019,0.7311,0.9946,125.7103,109.956,111.3801,38.0378,38.7884,27.7782,-0.0067,0.2731,-0.1502,2.0226,1.6076,2.0564,-43504730112,-33660418048,-32167581696,62.8543,54.9797,55.6908,DEGLET
124,320905,2131.252,787.4969,520.4378,0.7505,639.2096,0.9918,323570,0.7404,1.5131,0.8878,0.8117,0.0025,0.0016,0.6589,0.9969,111.1931,103.2197,99.4469,39.6078,41.8373,31.3704,-0.1049,-0.077,-0.4257,1.8921,1.6855,2.2672,-43603816448,-38559551488,-33005092864,55.5924,51.6068,49.7215,DEGLET
125,237021,1826.079,661.274,457.4288,0.7221,549.3492,0.9936,238547,0.7577,1.4456,0.8932,0.8307,0.0028,0.0019,0.6901,0.9977,136.8769,138.452,126.0107,37.5304,32.8196,27.186,-0.5088,-0.5188,-0.4618,2.12,2.1627,2.163,-47932059648,-48059682816,-38609784832,68.4336,69.224,63.0024,DEGLET
126,320180,2153.5339,781.1882,525.6301,0.7398,638.4871,0.9852,324998,0.7633,1.4862,0.8676,0.8173,0.0024,0.0016,0.668,0.9928,78.2881,62.3648,82.6144,21.3922,19.6335,21.3107,0.5102,1.4296,0.6681,3.4984,7.1775,4.3282,-18838792192,-11710955520,-21023166464,39.148,31.1867,41.3121,DEGLET
127,237074,1827.438,676.1337,447.9627,0.749,549.4106,0.9919,239003,0.7295,1.5094,0.8921,0.8126,0.0029,0.0019,0.6603,0.9966,120.4458,115.8135,107.3973,33.1932,28.3677,30.2848,-0.888,-0.7688,-0.4454,2.8917,2.8582,2.419,-36188073984,-32575666176,-28235442176,60.2187,57.9058,53.698,DEGLET
128,212851,1826.406,675.8557,453.7003,0.7412,520.5865,0.8987,236831,0.6544,1.4897,0.8018,0.7703,0.0032,0.0021,0.5933,0.8838,122.7249,122.9527,111.2461,41.4672,41.9409,33.3068,-0.3506,-0.401,-0.4648,1.8429,1.9293,2.3172,-35414614016,-35642032128,-27724906496,61.3593,61.4745,55.6209,DEGLET
129,253677,1859.243,666.5269,486.7168,0.6832,568.3235,0.9924,255626,0.7955,1.3694,0.9222,0.8527,0.0026,0.0019,0.727,0.9956,116.0328,107.939,109.669,34.3566,36.7052,36.0078,-0.242,-0.1948,-0.0143,2.1349,1.9047,2.114,-36193017856,-31869222912,-32727050240,58.0145,53.9679,54.8325,DEGLET
130,211558,1743.938,657.1328,413.1603,0.7776,519.0029,0.992,213269,0.764,1.5905,0.8741,0.7898,0.0031,0.002,0.6238,0.9921,126.8893,124.8217,114.0865,35.3032,30.9954,28.24,-0.8952,-0.9141,-0.5635,2.7951,3.0058,2.709,-36284035072,-34353520640,-28170346496,63.4437,62.4065,57.0393,DEGLET
131,351733,2261.1001,840.3734,544.2642,0.7619,669.2087,0.9787,359388,0.7617,1.5441,0.8645,0.7963,0.0024,0.0015,0.6341,0.9791,116.3906,101.7665,112.7167,41.3592,41.2978,30.7947,0.0386,0.3882,0.2362,1.9861,1.7801,2.1036,-52839497728,-41059827712,-46387412992,58.194,50.8817,56.3563,DEGLET
132,226442,1776.88,624.4857,463.8141,0.6696,536.9496,0.9875,229315,0.7072,1.3464,0.9013,0.8598,0.0028,0.002,0.7393,0.9954,91.7873,82.1482,87.5206,30.9448,26.9552,27.7023,0.2287,0.6352,0.1031,2.4475,2.9578,2.2858,-19855611904,-15432910848,-17585782784,45.896,41.0757,43.763,DEGLET
133,274959,1959.943,718.3584,489.0562,0.7325,591.6829,0.9897,277815,0.7654,1.4689,0.8995,0.8237,0.0026,0.0018,0.6784,0.9965,83.2719,70.4643,82.3704,31.0409,29.1865,27.6167,0.4867,0.5965,0.2118,2.5615,2.8309,2.4218,-20018171904,-14336789504,-18938886144,41.6391,35.2363,41.189,DEGLET
134,198410,1695.782,636.7207,398.5815,0.7798,502.6166,0.9875,200919,0.7634,1.5975,0.867,0.7894,0.0032,0.002,0.6231,0.9954,111.7733,103.0843,105.3398,35.1355,27.3357,27.0205,-0.9355,-0.7488,-0.6552,2.6875,2.6843,2.464,-26364725248,-21340944384,-22269919232,55.8844,51.5421,52.6687,DEGLET
135,215507,1800.814,707.0419,389.2315,0.8348,523.8244,0.9928,217059,0.6542,1.8165,0.8351,0.7409,0.0033,0.0018,0.5489,0.9971,111.1776,96.4777,94.8133,30.0357,27.7418,21.7143,-0.5356,-0.0221,-0.4111,2.7461,2.3703,4.3451,-27486885888,-20338270208,-18856161280,55.5896,48.2413,47.4094,DEGLET
136,209998,1728.412,619.6617,433.4965,0.7146,517.0858,0.9851,213177,0.7319,1.4295,0.8833,0.8345,0.003,0.0021,0.6963,0.9954,111.896,102.51,100.4145,30.767,28.0681,24.0117,-0.4073,0.1148,0.0085,3.0352,2.3582,2.5733,-27255816192,-22460907520,-20996173824,55.9466,51.257,50.2092,DEGLET
137,267943,1993.986,760.1838,451.6438,0.8044,584.0853,0.9863,271677,0.748,1.6831,0.8469,0.7683,0.0028,0.0017,0.5904,0.9937,121.3475,111.5089,111.6365,30.1242,27.4207,27.565,-0.5242,-0.0473,-0.2968,2.84,2.4012,2.5466,-40899383296,-33908801536,-34006165504,60.6703,55.7531,55.8172,DEGLET
138,252950,1909.678,738.9279,438.0078,0.8054,567.5085,0.9929,254759,0.713,1.687,0.8716,0.768,0.0029,0.0017,0.5898,0.9951,118.4135,100.2162,103.4286,32.0245,28.8399,22.6015,-0.3213,0.2341,-0.1755,2.6045,2.1199,3.0721,-37096386560,-25982603264,-26684616704,59.2035,50.111,51.7149,DEGLET
139,220042,1758.4399,653.5543,430.2653,0.7527,529.3073,0.9922,221766,0.767,1.519,0.8943,0.8099,0.003,0.002,0.6559,0.9963,129.1375,125.5194,119.0468,29.4039,21.1924,26.297,-1.0543,-0.7649,-0.3733,3.7449,3.6253,2.5995,-38055931904,-34747215872,-31708426240,64.5695,62.7641,59.5285,DEGLET
140,202546,1698.973,605.3612,428.199,0.7069,507.8283,0.988,205007,0.6898,1.4137,0.8818,0.8389,0.003,0.0021,0.7037,0.9949,112.6353,95.1643,93.847,31.1764,27.0574,25.3386,-0.3628,0.3842,-0.1132,2.2787,2.7222,2.7094,-26709477376,-18514417664,-17767768064,56.317,47.5831,46.9244,DEGLET
141,189983,1672.8831,641.0609,378.4418,0.8072,491.8271,0.9919,191529,0.7524,1.6939,0.8531,0.7672,0.0034,0.002,0.5886,0.9971,133.8062,126.8386,111.0693,31.3327,28.9654,27.8648,-0.8143,-0.5917,-0.3961,3.111,2.75,2.5333,-35665297408,-31607638016,-23896166400,66.902,63.4198,55.5341,DEGLET
142,187606,1630.703,599.4528,399.2988,0.7459,488.7406,0.9913,189262,0.6979,1.5013,0.8866,0.8153,0.0032,0.0021,0.6647,0.9979,112.4404,100.9974,112.44,31.4118,26.6407,31.1598,-0.3257,-0.0829,-0.2638,2.4122,2.4856,2.1635,-24687417344,-19286505472,-24654178304,56.2279,50.5055,56.2269,DEGLET
143,214952,1758.241,655.6318,419.8517,0.7681,523.1495,0.9903,217060,0.8041,1.5616,0.8738,0.7979,0.0031,0.002,0.6367,0.9943,136.9214,138.2307,124.4116,37.9868,33.2549,31.7116,-0.4417,-0.3108,-0.2879,2.1218,2.1618,2.3888,-43595182080,-43527663616,-34814005248,68.4545,69.1141,62.2033,DEGLET
144,203607,1703.28,614.098,423.8694,0.7236,509.1566,0.992,205240,0.7666,1.4488,0.8819,0.8291,0.003,0.0021,0.6874,0.9959,123.7402,111.596,114.0725,36.6096,30.6306,29.8316,-0.5258,-0.3268,-0.1827,2.4805,2.5221,2.6514,-33449324544,-26266845184,-27348322304,61.8709,55.799,57.0409,DEGLET
145,220056,1726.933,618.8439,455.1255,0.6776,529.3241,0.9936,221476,0.8214,1.3597,0.9272,0.8553,0.0028,0.0021,0.7316,0.9948,134.9029,123.3864,115.8456,33.0874,23.857,20.4342,-0.6318,-0.3312,-0.0403,2.8585,3.1644,3.0947,-42335436800,-33838184448,-29215776768,67.4496,61.6934,57.9216,DEGLET
146,243520,1906.798,719.8704,431.61,0.8003,556.8297,0.9871,246708,0.6947,1.6679,0.8417,0.7735,0.003,0.0018,0.5983,0.9979,116.2535,105.1918,97.5916,32.2907,30.0538,25.7994,-0.4675,-0.0894,-0.0286,2.3174,2.5546,2.8688,-34449842176,-27787366400,-23213481984,58.1284,52.5984,48.8001,DEGLET
147,176050,1573.8521,590.4749,380.9525,0.764,473.4489,0.9916,177533,0.7994,1.55,0.8931,0.8018,0.0034,0.0022,0.6429,0.9965,109.0591,102.4448,109.7011,32.2309,24.0147,25.8234,-0.3976,0.0683,-0.1785,2.5066,2.6685,2.5863,-21891194880,-18349871104,-21354602496,54.5326,51.2258,54.8554,DEGLET
148,161602,1700.896,671.8093,404.6781,0.7982,453.6056,0.8374,192973,0.652,1.6601,0.7019,0.6752,0.0042,0.0025,0.4559,0.7568,148.9074,147.1729,137.4059,37.0944,31.8117,27.4108,-1.0276,-0.6671,-0.6725,3.3008,2.4911,2.6335,-38700425216,-37047771136,-31587252224,74.4565,73.5871,68.7043,DEGLET
149,196414,1653.057,605.6224,414.072,0.7298,500.0821,0.9885,198709,0.7584,1.4626,0.9032,0.8257,0.0031,0.0021,0.6818,0.9973,96.1517,80.5026,77.3272,23.2293,17.9201,18.9441,-0.6894,0.184,-0.1586,3.02,4.2556,4.035,-17852364800,-11914446848,-11033033728,48.0712,40.2503,38.6633,DEGLET
150,222950,1752.439,602.6717,474.1278,0.6173,532.7933,0.9903,225128,0.7141,1.2711,0.9123,0.8841,0.0027,0.0021,0.7815,0.9934,116.7086,111.7888,109.0914,37.8476,37.5218,31.8324,-0.5932,-0.2343,-0.3108,2.2501,1.7806,1.8608,-32849096704,-30156169216,-27677263872,58.3572,55.8957,54.5478,DEGLET
151,250947,1905.2841,732.446,439.0812,0.8004,565.2571,0.9908,253287,0.7651,1.6681,0.8687,0.7717,0.0029,0.0017,0.5956,0.9935,101.7774,90.236,91.2608,34.7262,32.0575,27.5444,0.0493,0.5427,0.3955,2.0402,2.2685,2.3673,-27729352704,-21518141440,-21166172160,50.8887,45.116,45.6296,DEGLET
152,239427,1875.272,708.0372,431.308,0.793,552.1304,0.9881,242306,0.7436,1.6416,0.8556,0.7798,0.003,0.0018,0.6081,0.9983,95.8518,84.2159,84.4119,24.2664,22.7581,20.4598,-0.4066,0.3927,-0.1435,3.1437,3.4499,3.8469,-21768355840,-16532210688,-16318384128,47.9233,42.1094,42.2071,DEGLET
153,190954,1628.9189,610.1746,399.0778,0.7565,493.0823,0.9937,192158,0.7839,1.529,0.9044,0.8081,0.0032,0.0021,0.653,0.9985,94.8858,83.3342,95.2195,28.1813,23.9458,25.9088,-0.2422,-0.003,-0.09,2.3034,2.9355,2.8682,-17476749312,-13023215616,-17322221568,47.4441,41.6659,47.6082,DEGLET
154,216487,1746.856,659.9696,420.1559,0.7712,525.0141,0.9923,218176,0.8107,1.5708,0.8915,0.7955,0.003,0.0019,0.6328,0.994,93.1104,82.21,79.5077,35.5813,31.8677,22.3666,-0.367,0.039,-0.1779,2.0551,1.8222,2.8939,-20281972736,-15492541440,-13242126336,46.556,41.1092,39.7562,DEGLET
155,280320,2029.684,751.5424,476.7822,0.773,597.4232,0.9836,285002,0.7985,1.5763,0.8551,0.7949,0.0027,0.0017,0.6319,0.9961,102.3456,90.9526,87.6096,27.2401,20.6244,20.5112,-0.4186,0.2085,0.0126,2.7258,3.4636,3.516,-29705947136,-22351886336,-20652969984,51.1742,45.4762,43.8069,DEGLET
156,191163,1695.764,641.0919,380.346,0.805,493.3521,0.9865,193780,0.7496,1.6855,0.8354,0.7695,0.0034,0.002,0.5922,0.9982,125.9962,117.1444,111.4114,35.726,35.1489,28.9769,-0.7478,-0.4542,-0.4212,2.5885,2.0577,2.1601,-32400574464,-27919822848,-24345606144,62.9985,58.5725,55.7066,DEGLET
157,197424,1691.033,623.2335,405.1581,0.7599,501.3662,0.9896,199490,0.7661,1.5382,0.8676,0.8045,0.0032,0.0021,0.6472,0.9955,116.3645,114.7443,95.8221,31.0909,29.8537,25.9092,-0.6566,-0.4045,-0.2286,2.5416,2.2942,2.5258,-27790407680,-26835095552,-18138062848,58.1833,57.3746,47.912,DEGLET
158,192454,1657.265,622.9678,394.7744,0.7736,495.0152,0.9902,194360,0.8084,1.578,0.8805,0.7946,0.0032,0.0021,0.6314,0.9964,78.9069,70.5369,81.1749,19.0748,17.9944,22.1252,0.0555,1.3019,0.6911,4.5543,9.5935,4.3352,-11288364032,-8877689856,-12270061568,39.4568,35.2681,40.5899,DEGLET
159,212900,1740.348,651.9711,417.6589,0.7679,520.6464,0.9901,215025,0.7897,1.561,0.8833,0.7986,0.0031,0.002,0.6377,0.9955,113.0472,113.7573,102.4692,36.1651,32.2747,27.4214,-0.324,-0.2013,-0.2505,2.037,2.0001,2.3903,-29163413504,-28835395584,-22648289280,56.5309,56.8858,51.2421,DEGLET
160,177803,1573.6281,605.3248,375.6269,0.7842,475.8002,0.9948,178732,0.8304,1.6115,0.9023,0.786,0.0034,0.0021,0.6178,0.9956,105.6829,96.849,96.111,28.2505,22.6159,25.5095,-0.4053,-0.0089,-0.1977,2.7678,2.7131,2.3884,-20242288640,-16355894272,-16392951808,52.8324,48.4186,48.0509,DEGLET
161,226586,1773.175,662.9202,436.9543,0.752,537.1204,0.9919,228431,0.8083,1.5171,0.9056,0.8102,0.0029,0.0019,0.6565,0.996,86.9641,80.9514,90.42,23.8971,19.1627,21.7081,-0.2492,0.2914,0.0497,2.4317,3.4604,2.5807,-16837611520,-14030576640,-17969643520,43.4915,40.4844,45.2207,DEGLET
162,209100,1708.429,642.4437,416.5172,0.7614,515.9791,0.9918,210832,0.7706,1.5424,0.9003,0.8032,0.0031,0.002,0.6451,0.9949,93.1083,90.3245,83.9739,34.0988,31.5603,25.9629,0.2538,0.4462,0.2409,2.1187,2.3127,2.443,-19374133248,-17878642688,-14739041280,46.5526,45.1629,41.9887,DEGLET
